{"cameraMode":{"drawMode":0,"name":"Shaded","section":"Shading Mode"},"sceneLighting":false,"audioPlay":false,"sceneViewState":{"showFog":true,"showMaterialUpdate":false,"showSkybox":true,"showFlares":true,"showImageEffects":true,"showParticleSystems":true},"in2DMode":false,"pivot":{"x":-3.23799991607666,"y":-0.5499999523162842,"z":0.0},"rotation":{"x":0.12953446805477143,"y":-0.46517711877822878,"z":0.06902506947517395,"w":0.8729642629623413},"size":2.3566715717315676,"orthographic":false}